"name","x0","x1"
"beta","4.62683298081144","8.430888738092"
"rho","0.0344827586206897","0.99999"
"psi","0.206896551724138","1.07347993686986"
"w","0.0917871953902005","0.212278211202265"
