"name","x0","x1"
"beta","6.13041613041613","9.16630916630917"
"rho","Inf","-Inf"
"psi","0.458887458887459","0.895752895752896"
"w","0.0714285714285714","1"
