"name","x0","x1"
"beta","6.46602683715302","10"
"rho","0.0344827586206897","0.0823463610519217"
"psi","0.224379744253577","0.648784005275983"
"w","0.0917871953902005","0.168879849785646"
