"name","mean","ci_lo","ci_hi"
"beta","1.3488278843248","1.29332169677794","1.42042112484571"
"gamma","0.85139281464055","0.80961438052704","0.88452856676412"
"rho","0.937075427885493","0.922268418934549","0.950907498841521"
"psi","0.511691673398674","0.486120922888759","0.53406646420791"
"p","0.113754269139054","0.0852599432218223","0.153851747490779"
"q","2.38589525777708","2.25096512280003","2.52499861105304"
